{
  "cv_results": {
    "f1_mean": 0.6033008616461383,
    "f1_std": 0.03007217823012468,
    "roc_auc_mean": 0.846084021149753,
    "roc_auc_std": 0.016695856007161374,
    "precision_mean": 0.6089173829847886,
    "precision_std": 0.02048794904753759,
    "recall_mean": 0.5987730061349693,
    "recall_std": 0.04442666746069122
  },
  "test_results": {
    "metrics": {
      "f1_score": 0.6155778894472361,
      "roc_auc": 0.8544754307466172,
      "accuracy": 0.847,
      "precision": 0.6298200514138818,
      "recall": 0.601965601965602
    },
    "confusion_matrix": "[[1449  144]\n [ 162  245]]",
    "classification_report": {
      "0": {
        "precision": 0.8994413407821229,
        "recall": 0.9096045197740112,
        "f1-score": 0.9044943820224719,
        "support": 1593.0
      },
      "1": {
        "precision": 0.6298200514138818,
        "recall": 0.601965601965602,
        "f1-score": 0.6155778894472361,
        "support": 407.0
      },
      "accuracy": 0.847,
      "macro avg": {
        "precision": 0.7646306960980023,
        "recall": 0.7557850608698067,
        "f1-score": 0.760036135734854,
        "support": 2000.0
      },
      "weighted avg": {
        "precision": 0.8445734083956858,
        "recall": 0.847,
        "f1-score": 0.8456998757834114,
        "support": 2000.0
      }
    }
  }
}